{"cameraMode":{"drawMode":0,"name":"Shaded","section":"Shading Mode"},"sceneLighting":true,"audioPlay":false,"sceneViewState":{"m_AlwaysRefresh":false,"showFog":true,"showSkybox":true,"showFlares":true,"showImageEffects":true,"showParticleSystems":true,"showVisualEffectGraphs":true,"m_FxEnabled":true},"in2DMode":false,"pivot":{"x":63.98201370239258,"y":37.315643310546878,"z":-20.986385345458986},"rotation":{"x":0.04625393822789192,"y":-0.9490566849708557,"z":0.16682986915111543,"w":0.26327595114707949},"size":50.96808624267578,"orthographic":true}